0;162.453575492;163.390643835;162.997156262;163.901772022;162.628008127;164.429126501;164.327712178;163.013382554;162.692913294;164.988933563;162.916024804;163.114796877;163.386587262;164.141109824;162.964703679;164.291203022;163.337908387;162.916024804;162.879515648;162.948477387;164.157336116;162.863289356;162.149332523;162.863289356;162.794327617;162.486028075;162.830836773;163.832810283;163.747622252;161.841032982;162.287256002;162.542820096;162.368387461;163.747622252;164.562993407;162.778101325;162.778101325;162.794327617;162.417066336;161.759901524;163.629981637;163.629981637;162.709139585;163.593472481;163.577246189;159.747841358;163.966677189;163.187815189;163.114796877;162.303482294;162.778101325;164.425069928;163.512341022;163.613755345;162.863289356;162.778101325;162.112823367;162.28319943;163.917998314;162.230463982;161.958673596;163.423096418;164.631955147;163.986960053;163.865262866;164.068091512;162.725365877;163.646207929;163.151306033;161.857259274;162.911968231;163.646207929;162.709139585;162.319708586;162.916024804;164.019412637;163.305455804;162.335934877;161.808580399;162.879515648;162.522537231;163.098570585;163.66243422;163.73139596;162.778101325;162.928194523;164.003186345;164.157336116;161.857259274;162.202067971;161.861315846;163.082344294;162.725365877;162.043861628;162.607725263;164.412900209;163.321682096;163.321682096;163.199984908;162.830836773;
5;163.236494064;161.909994721;162.335934877;163.698943377;164.550823689;163.204041481;161.926221013;163.917998314;162.980929971;163.812527418;163.492058158;164.327712178;164.680634022;164.753652334;162.50631094;164.104600668;165.090347886;161.909994721;162.486028075;163.715169668;162.948477387;162.027635336;162.372444034;164.307429314;163.406870127;163.04989171;161.978956461;163.390643835;166.757599354;162.575272679;241.082128286;164.291203022;163.492058158;163.796301126;164.311485887;163.73139596;162.964703679;162.587442398;162.14527595;162.587442398;162.331878304;164.27497673;163.475831866;162.623951554;162.50631094;164.631955147;162.453575492;162.043861628;162.129049659;163.406870127;162.843006492;163.390643835;164.717143178;162.064144492;162.522537231;164.700916886;162.352161169;162.916024804;163.901772022;163.427152991;163.800357699;163.220267773;164.258750439;165.074121594;164.222241282;162.469801784;164.648181438;161.926221013;163.881489158;162.230463982;162.080370784;163.763848543;161.670656919;164.222241282;161.89376843;163.767905116;162.542820096;163.082344294;163.325738668;163.763848543;163.066118002;162.964703679;163.832810283;162.490084648;162.490084648;162.368387461;162.352161169;162.319708586;162.847063065;162.356217742;163.816583991;163.66243422;162.080370784;162.319708586;163.289229512;163.252720356;162.299425721;163.390643835;162.080370784;163.220267773;
10;162.640177846;163.135079741;164.514314532;163.390643835;164.749595761;161.82480669;164.104600668;162.266973138;161.89376843;162.234520555;161.759901524;161.82480669;162.368387461;162.181785107;161.808580399;164.019412637;164.786104918;164.088374376;163.544793606;164.003186345;164.035638928;161.82480669;162.672630429;164.412900209;162.692913294;162.75781846;164.088374376;163.151306033;161.926221013;161.857259274;164.818557501;163.646207929;162.89574194;163.66243422;161.788297534;162.89574194;164.498088241;162.149332523;163.204041481;162.741592169;162.352161169;164.055921793;162.778101325;162.640177846;162.75781846;163.492058158;163.982903481;162.335934877;163.609698772;162.774044752;162.847063065;162.299425721;163.678660512;163.982903481;162.417066336;163.220267773;162.064144492;161.995182753;162.810553908;162.335934877;162.916024804;163.34196496;162.911968231;161.690939784;162.149332523;164.66440773;162.761875033;163.236494064;163.204041481;161.82480669;162.778101325;163.73139596;161.995182753;164.546767116;162.112823367;162.421122909;164.631955147;164.749595761;163.151306033;163.406870127;162.741592169;161.841032982;162.640177846;162.404896617;162.303482294;163.73139596;164.157336116;161.942447305;163.390643835;164.291203022;162.50631094;162.575272679;164.546767116;162.027635336;162.964703679;163.04989171;163.098570585;163.337908387;161.995182753;162.948477387;
15;162.165558815;162.587442398;164.104600668;162.4373492;162.368387461;163.135079741;164.258750439;164.226297855;163.001212835;163.629981637;164.173562407;164.376391053;164.408843637;164.27497673;163.406870127;162.623951554;164.652238011;164.615728855;163.390643835;164.631955147;161.978956461;163.001212835;162.794327617;163.796301126;159.321901202;163.698943377;162.847063065;163.167532325;162.319708586;163.966677189;162.859232783;164.222241282;164.530540824;162.368387461;163.321682096;162.400840044;161.995182753;163.305455804;162.271029711;164.34393847;163.285172939;162.794327617;164.137053251;161.89376843;165.074121594;161.995182753;163.301399231;162.89574194;163.780074835;162.469801784;163.321682096;163.268946648;161.995182753;162.0479182;163.066118002;164.530540824;161.909994721;163.593472481;164.972707272;162.692913294;163.646207929;162.980929971;163.337908387;162.335934877;162.843006492;162.21423769;163.066118002;162.778101325;164.461579084;162.421122909;164.924028397;162.096597075;163.406870127;162.607725263;162.421122909;162.89574194;165.041669011;163.593472481;163.135079741;162.28319943;164.855066657;162.623951554;161.841032982;163.986960053;163.609698772;161.909994721;164.425069928;162.863289356;164.003186345;161.909994721;162.335934877;161.792354107;162.928194523;163.646207929;163.151306033;162.181785107;161.759901524;163.629981637;162.692913294;163.220267773;
20;163.629981637;163.086400867;163.252720356;162.692913294;163.04989171;162.28319943;161.755844951;161.739618659;164.068091512;163.727339387;163.256776929;115.425725698;162.879515648;162.745648742;162.778101325;163.187815189;164.141109824;164.311485887;161.82480669;163.747622252;162.830836773;162.761875033;161.926221013;162.8267802;163.273003221;164.461579084;164.579219699;162.916024804;162.4373492;162.352161169;162.0479182;162.948477387;164.189788699;162.490084648;162.522537231;161.978956461;162.352161169;162.89574194;162.980929971;162.794327617;164.546767116;162.14527595;165.34591198;164.141109824;162.542820096;163.220267773;163.013382554;164.206014991;163.780074835;163.305455804;163.544793606;163.917998314;162.542820096;163.869319439;162.964703679;163.390643835;163.796301126;164.668464303;162.879515648;162.980929971;162.591498971;162.607725263;163.390643835;163.694886804;162.096597075;163.34196496;163.236494064;162.591498971;163.04989171;162.027635336;163.390643835;163.04989171;164.461579084;162.980929971;161.978956461;164.530540824;165.074121594;163.747622252;164.327712178;163.711113095;163.832810283;163.512341022;164.141109824;162.879515648;162.319708586;162.027635336;162.469801784;162.997156262;164.530540824;163.390643835;162.522537231;164.291203022;163.678660512;162.916024804;161.978956461;164.210071564;164.210071564;164.429126501;162.522537231;162.709139585;
25;162.591498971;165.009216428;162.352161169;161.877542138;162.165558815;163.001212835;164.157336116;161.926221013;162.794327617;162.89574194;162.847063065;162.21423769;164.003186345;164.461579084;163.220267773;162.761875033;164.05186522;162.368387461;162.28319943;162.50631094;164.510257959;163.151306033;163.273003221;162.847063065;164.429126501;161.861315846;162.181785107;162.794327617;162.571216106;163.50828445;161.808580399;161.946503878;162.303482294;162.165558815;163.492058158;163.236494064;162.692913294;163.629981637;161.804523826;162.335934877;162.692913294;163.544793606;163.459605575;164.003186345;162.554989815;163.098570585;163.11885345;162.644234419;162.692913294;163.033665419;164.072148085;163.183758616;162.303482294;161.926221013;163.970733762;162.778101325;163.561019897;162.28319943;163.171588898;161.89376843;163.459605575;162.75781846;162.79838419;162.250746846;162.234520555;162.709139585;163.321682096;164.530540824;161.82480669;163.11885345;161.82480669;162.165558815;163.033665419;162.421122909;163.66243422;162.404896617;162.011409044;163.492058158;163.374417543;164.206014991;164.068091512;163.934224606;163.151306033;159.837085962;163.678660512;162.388670325;162.453575492;162.352161169;163.017439127;162.400840044;164.514314532;162.8267802;164.258750439;164.583276272;163.544793606;165.143083334;163.593472481;162.656404138;162.421122909;161.873485565;
30;163.970733762;163.800357699;162.522537231;163.321682096;161.873485565;163.167532325;163.098570585;162.315652013;162.080370784;162.011409044;161.974899888;162.911968231;162.778101325;163.305455804;163.475831866;162.964703679;161.962730169;163.289229512;165.617702365;163.305455804;162.112823367;162.218294263;163.34196496;162.948477387;163.475831866;162.080370784;162.964703679;162.591498971;162.761875033;162.4373492;163.033665419;162.486028075;162.080370784;163.171588898;165.025442719;162.50631094;164.157336116;163.268946648;162.080370784;162.794327617;162.0479182;163.354134679;164.210071564;162.11687994;163.220267773;163.374417543;163.374417543;164.481861949;162.372444034;161.942447305;163.767905116;164.173562407;163.73139596;162.843006492;162.064144492;163.358191252;162.352161169;163.406870127;164.530540824;162.352161169;163.151306033;161.995182753;162.810553908;161.89376843;162.250746846;162.660460711;162.356217742;163.199984908;163.252720356;163.013382554;162.997156262;162.8267802;162.948477387;161.942447305;164.035638928;163.50828445;162.165558815;164.924028397;162.692913294;161.755844951;162.725365877;162.421122909;162.319708586;162.299425721;162.218294263;162.980929971;165.005159855;161.808580399;162.250746846;163.66243422;163.151306033;162.129049659;161.788297534;163.849036574;164.631955147;162.165558815;161.654430628;161.962730169;162.591498971;165.978737354;
35;163.236494064;162.745648742;165.398647428;162.230463982;163.321682096;161.638204336;163.577246189;163.236494064;162.725365877;162.400840044;162.676687002;162.149332523;162.096597075;163.04989171;162.230463982;164.019412637;164.072148085;164.003186345;163.11885345;163.098570585;162.202067971;163.934224606;162.250746846;162.980929971;164.327712178;164.579219699;163.11885345;164.461579084;164.465635657;163.033665419;162.21423769;162.774044752;162.830836773;162.266973138;162.287256002;163.609698772;162.469801784;162.303482294;164.514314532;163.950450897;162.250746846;162.863289356;162.847063065;163.220267773;161.857259274;165.009216428;162.60366869;163.66243422;163.135079741;162.388670325;162.863289356;161.788297534;162.335934877;163.711113095;163.646207929;162.384613752;164.445352793;164.425069928;163.305455804;162.847063065;162.932251096;162.303482294;164.035638928;162.911968231;163.268946648;162.778101325;163.066118002;161.877542138;162.72942245;162.916024804;162.384613752;163.609698772;163.865262866;163.678660512;162.384613752;162.554989815;162.964703679;163.747622252;164.258750439;163.698943377;162.847063065;163.43932271;162.692913294;163.544793606;162.911968231;164.684690595;161.909994721;164.611672282;162.4373492;164.599502563;163.747622252;162.591498971;161.978956461;163.816583991;161.958673596;162.522537231;162.571216106;163.869319439;163.678660512;161.905938148;
40;162.830836773;164.919971824;163.73139596;162.607725263;163.358191252;162.473858356;162.948477387;163.390643835;162.778101325;163.694886804;164.530540824;162.384613752;161.788297534;162.778101325;161.788297534;162.404896617;164.104600668;162.352161169;162.064144492;163.337908387;164.477805376;162.863289356;163.528567314;162.879515648;162.28319943;163.970733762;162.745648742;163.646207929;162.676687002;164.12082696;163.220267773;162.303482294;163.135079741;162.794327617;163.066118002;162.352161169;163.475831866;163.577246189;162.21423769;164.173562407;161.82480669;161.873485565;163.849036574;162.4373492;161.873485565;161.82480669;162.741592169;161.723392367;162.644234419;164.408843637;161.634147763;164.494031668;162.181785107;164.408843637;162.741592169;163.50828445;163.098570585;162.575272679;161.808580399;161.857259274;163.220267773;163.374417543;164.356108189;161.755844951;161.739618659;163.512341022;163.524510741;164.408843637;162.607725263;162.89574194;163.001212835;162.250746846;164.104600668;163.102627158;161.739618659;162.522537231;162.692913294;162.778101325;163.102627158;163.646207929;164.291203022;162.591498971;162.315652013;162.538763523;163.917998314;163.204041481;162.676687002;163.50828445;161.755844951;161.857259274;161.82480669;161.845089555;162.198011398;162.810553908;162.112823367;163.102627158;163.102627158;162.234520555;162.165558815;163.475831866;
45;163.678660512;162.165558815;162.384613752;163.017439127;162.980929971;163.780074835;161.772071242;163.832810283;162.692913294;163.252720356;162.89574194;162.709139585;161.845089555;162.352161169;162.266973138;163.763848543;162.315652013;162.79838419;161.89376843;162.692913294;161.942447305;162.299425721;163.780074835;162.384613752;162.542820096;162.299425721;162.964703679;164.631955147;164.088374376;162.4373492;163.252720356;162.404896617;163.204041481;162.928194523;162.778101325;161.877542138;162.335934877;162.080370784;162.863289356;162.656404138;163.66243422;162.4373492;163.220267773;161.962730169;161.89376843;162.490084648;161.946503878;162.031691909;164.189788699;164.226297855;162.453575492;161.909994721;165.041669011;163.678660512;163.682717085;162.060087919;164.222241282;164.157336116;164.035638928;163.252720356;161.889711857;163.4109267;162.745648742;162.932251096;163.374417543;163.678660512;163.34196496;164.019412637;162.640177846;163.443379283;163.694886804;165.143083334;162.181785107;164.104600668;160.579438806;162.28319943;162.303482294;162.75781846;162.234520555;163.727339387;162.692913294;162.522537231;163.273003221;163.625925064;162.607725263;163.236494064;161.877542138;163.544793606;161.82480669;161.808580399;162.490084648;163.033665419;162.250746846;163.167532325;163.082344294;162.027635336;163.849036574;163.66243422;162.149332523;164.12082696;
50;161.808580399;162.4373492;163.682717085;162.713196158;163.50828445;163.305455804;163.561019897;162.709139585;162.202067971;162.198011398;162.72942245;162.266973138;164.055921793;162.623951554;164.919971824;161.707166076;162.28319943;163.970733762;162.725365877;162.404896617;164.104600668;163.970733762;162.266973138;163.986960053;164.327712178;162.404896617;162.080370784;163.066118002;163.171588898;162.794327617;161.776127815;163.934224606;162.287256002;162.676687002;162.372444034;162.575272679;162.266973138;162.112823367;162.709139585;162.676687002;162.660460711;162.709139585;164.834783792;162.287256002;164.919971824;162.607725263;162.287256002;162.778101325;164.360164762;162.21423769;163.289229512;165.34591198;161.690939784;162.4373492;163.082344294;162.725365877;161.82480669;163.374417543;162.843006492;162.997156262;163.204041481;162.404896617;162.230463982;162.28319943;164.104600668;163.017439127;162.352161169;162.4373492;161.909994721;164.717143178;163.114796877;165.143083334;161.926221013;164.003186345;162.814610481;164.141109824;163.04989171;163.236494064;162.388670325;163.73139596;162.847063065;162.660460711;163.220267773;162.911968231;162.490084648;163.285172939;162.352161169;162.745648742;162.879515648;162.948477387;161.958673596;162.246690273;164.769878626;164.648181438;162.250746846;163.524510741;164.494031668;164.019412637;162.469801784;162.21423769;
55;162.522537231;163.966677189;162.709139585;163.646207929;162.368387461;162.794327617;164.137053251;162.064144492;162.559046388;163.678660512;162.916024804;162.28319943;162.863289356;162.794327617;163.325738668;163.204041481;161.89376843;163.390643835;162.794327617;162.28319943;161.995182753;163.240550637;162.404896617;162.830836773;163.66243422;164.988933563;162.080370784;161.958673596;162.879515648;163.780074835;161.962730169;162.911968231;162.027635336;162.404896617;163.784131408;162.847063065;162.149332523;164.137053251;162.064144492;162.149332523;162.490084648;162.709139585;162.486028075;162.060087919;162.607725263;162.469801784;162.830836773;161.930277586;164.717143178;162.964703679;163.001212835;162.421122909;164.238467574;162.916024804;163.37036097;162.8267802;163.390643835;162.043861628;163.528567314;162.948477387;145.371346951;164.477805376;163.938281178;163.04989171;164.749595761;163.816583991;162.660460711;162.400840044;164.124883533;162.778101325;163.358191252;166.437130094;163.796301126;164.631955147;163.832810283;162.575272679;162.980929971;162.096597075;162.368387461;162.843006492;162.538763523;163.321682096;163.04989171;164.34393847;162.404896617;162.421122909;163.73139596;161.978956461;164.035638928;162.794327617;161.995182753;163.273003221;163.763848543;162.266973138;162.060087919;161.89376843;162.21423769;161.877542138;162.352161169;163.609698772;
60;161.974899888;161.82480669;162.469801784;163.492058158;161.877542138;164.408843637;162.218294263;163.544793606;161.82480669;163.917998314;164.481861949;163.155362606;162.319708586;161.707166076;163.033665419;164.429126501;162.234520555;162.149332523;164.360164762;162.181785107;163.390643835;161.60169518;163.455549002;162.575272679;162.096597075;162.234520555;162.591498971;163.236494064;162.980929971;163.033665419;162.522537231;163.50828445;162.591498971;162.015465617;163.04989171;161.638204336;162.899798512;162.384613752;161.569242597;162.096597075;163.597529054;162.21423769;161.621978045;161.723392367;163.427152991;165.95845449;162.064144492;162.644234419;162.14527595;161.873485565;162.0479182;162.473858356;163.321682096;163.033665419;164.583276272;164.749595761;164.461579084;161.621978045;163.885545731;161.617921472;161.889711857;163.780074835;163.901772022;164.327712178;163.423096418;162.129049659;162.676687002;163.070174575;164.323655605;161.60169518;164.02346921;162.250746846;162.656404138;162.660460711;163.390643835;164.429126501;163.086400867;162.778101325;163.66243422;163.678660512;163.934224606;162.676687002;162.11687994;163.577246189;162.490084648;163.763848543;164.429126501;162.027635336;164.44129622;162.299425721;163.013382554;164.088374376;162.234520555;162.522537231;161.792354107;163.236494064;162.303482294;163.66243422;163.66243422;162.490084648;
65;161.759901524;161.739618659;163.04989171;162.538763523;163.885545731;162.043861628;164.12082696;162.453575492;164.02346921;162.011409044;162.404896617;165.382421136;163.252720356;164.562993407;162.997156262;161.995182753;161.995182753;163.37036097;162.331878304;163.273003221;162.89574194;162.453575492;163.43932271;163.305455804;164.753652334;162.031691909;162.964703679;164.684690595;162.4373492;163.374417543;163.849036574;162.559046388;162.984986544;162.932251096;162.980929971;163.001212835;162.319708586;163.869319439;162.0479182;163.033665419;162.879515648;162.980929971;166.007133365;163.066118002;164.27497673;162.575272679;164.855066657;162.948477387;162.064144492;163.471775293;162.810553908;162.368387461;164.173562407;163.747622252;161.978956461;163.475831866;163.289229512;162.948477387;162.591498971;162.486028075;163.711113095;162.997156262;162.50631094;163.694886804;163.273003221;162.948477387;163.305455804;163.321682096;163.678660512;163.678660512;163.66243422;162.315652013;163.678660512;163.11885345;162.202067971;163.561019897;163.881489158;162.315652013;162.863289356;162.299425721;162.335934877;161.845089555;162.21423769;162.11687994;161.978956461;164.189788699;162.587442398;164.019412637;162.607725263;163.102627158;164.02346921;162.031691909;161.82480669;163.901772022;163.934224606;162.542820096;161.841032982;163.475831866;162.559046388;164.27497673;
70;164.461579084;163.220267773;162.554989815;161.82480669;161.638204336;162.4373492;163.455549002;163.033665419;162.149332523;163.796301126;165.56902349;164.327712178;162.522537231;162.417066336;161.841032982;161.553016305;161.670656919;162.14527595;163.321682096;163.04989171;162.490084648;162.165558815;162.319708586;162.096597075;161.654430628;162.591498971;163.524510741;162.218294263;162.0479182;163.423096418;163.597529054;163.102627158;164.34393847;163.017439127;162.129049659;164.291203022;162.234520555;163.897715449;163.95450747;163.492058158;162.165558815;163.102627158;163.151306033;163.950450897;164.498088241;162.319708586;162.303482294;162.14527595;164.648181438;161.792354107;163.236494064;162.778101325;162.198011398;162.287256002;162.027635336;161.792354107;162.331878304;164.786104918;161.962730169;161.89376843;162.672630429;162.421122909;161.889711857;162.676687002;164.481861949;163.337908387;163.11885345;163.204041481;163.832810283;163.37036097;163.033665419;161.776127815;164.360164762;164.153279543;163.423096418;162.453575492;164.088374376;162.469801784;162.964703679;161.889711857;163.390643835;163.869319439;163.865262866;162.709139585;164.631955147;162.559046388;163.098570585;162.368387461;161.841032982;162.911968231;162.181785107;162.538763523;164.668464303;162.473858356;163.236494064;163.033665419;162.538763523;161.909994721;164.648181438;161.946503878;
75;163.492058158;162.948477387;163.780074835;162.660460711;163.747622252;163.73139596;162.080370784;164.34393847;162.522537231;162.554989815;164.360164762;162.623951554;162.522537231;162.4373492;161.962730169;162.404896617;162.928194523;162.50631094;163.236494064;164.27497673;162.879515648;164.137053251;161.889711857;162.384613752;162.964703679;163.577246189;162.50631094;163.849036574;162.287256002;161.808580399;162.388670325;162.352161169;164.189788699;161.962730169;164.510257959;164.445352793;162.794327617;162.863289356;161.857259274;162.230463982;163.95450747;161.889711857;164.124883533;161.82480669;162.230463982;162.250746846;163.151306033;163.885545731;163.199984908;162.587442398;161.841032982;161.926221013;162.133106232;163.151306033;162.250746846;162.774044752;161.772071242;163.970733762;161.772071242;162.315652013;162.623951554;161.739618659;163.167532325;163.273003221;163.001212835;163.625925064;163.561019897;162.713196158;163.459605575;162.319708586;164.786104918;162.165558815;162.149332523;163.475831866;163.869319439;162.080370784;163.524510741;162.112823367;163.869319439;163.694886804;161.654430628;161.82480669;163.455549002;163.561019897;162.234520555;163.492058158;161.723392367;161.634147763;164.461579084;162.810553908;162.676687002;163.167532325;161.707166076;162.181785107;162.096597075;163.50828445;162.250746846;163.528567314;162.741592169;163.528567314;
80;164.019412637;161.792354107;162.794327617;162.916024804;164.226297855;163.204041481;163.982903481;162.725365877;162.250746846;161.909994721;161.808580399;162.181785107;161.82480669;163.609698772;162.031691909;162.794327617;163.715169668;162.319708586;162.778101325;162.421122909;163.204041481;161.978956461;163.305455804;163.098570585;164.088374376;162.266973138;163.66243422;161.89376843;162.015465617;163.609698772;163.423096418;162.266973138;162.810553908;163.204041481;162.928194523;163.423096418;163.325738668;164.068091512;164.210071564;163.151306033;163.4109267;164.173562407;164.05186522;163.694886804;163.629981637;163.358191252;163.492058158;163.321682096;162.404896617;162.421122909;162.011409044;163.358191252;163.678660512;162.21423769;162.303482294;162.794327617;163.682717085;163.747622252;162.218294263;162.250746846;162.778101325;162.149332523;164.477805376;164.12082696;163.678660512;162.198011398;163.780074835;163.784131408;164.323655605;165.021386147;163.678660512;161.808580399;162.794327617;162.230463982;163.475831866;163.897715449;164.579219699;163.04989171;163.167532325;162.948477387;163.934224606;163.220267773;162.830836773;162.810553908;163.66243422;163.561019897;163.950450897;162.28319943;163.273003221;163.033665419;164.445352793;162.830836773;162.879515648;162.21423769;163.646207929;162.575272679;164.055921793;163.236494064;162.879515648;162.250746846;
85;162.18584168;162.149332523;163.033665419;164.27497673;162.250746846;163.151306033;161.889711857;161.654430628;163.678660512;164.919971824;163.070174575;162.761875033;163.492058158;163.613755345;163.37036097;162.129049659;162.640177846;162.676687002;162.266973138;163.017439127;163.832810283;163.982903481;164.039695501;161.792354107;162.129049659;164.019412637;163.082344294;162.607725263;163.082344294;163.901772022;162.640177846;163.950450897;161.755844951;161.828863263;162.234520555;163.95450747;161.634147763;163.999129772;163.950450897;162.676687002;164.429126501;163.544793606;161.755844951;162.352161169;164.019412637;162.72942245;161.792354107;162.230463982;163.986960053;162.319708586;163.151306033;163.885545731;163.865262866;162.473858356;164.055921793;162.287256002;162.28319943;162.14527595;162.830836773;164.27497673;161.909994721;164.072148085;164.855066657;162.932251096;162.810553908;163.252720356;162.538763523;162.096597075;161.841032982;161.776127815;163.082344294;163.95450747;163.321682096;163.443379283;162.246690273;163.086400867;161.909994721;163.609698772;162.234520555;162.948477387;162.421122909;162.372444034;162.794327617;162.709139585;164.599502563;162.28319943;164.055921793;162.761875033;164.27497673;163.252720356;163.999129772;163.609698772;162.266973138;162.027635336;161.788297534;165.244497657;164.66440773;163.086400867;163.34196496;162.607725263;
90;162.8267802;162.964703679;163.268946648;162.28319943;164.988933563;164.562993407;163.459605575;163.301399231;163.682717085;164.514314532;164.668464303;162.421122909;163.682717085;164.684690595;163.678660512;161.962730169;164.222241282;162.486028075;161.909994721;162.89574194;162.400840044;162.879515648;161.739618659;162.100653648;164.157336116;161.995182753;162.421122909;162.4373492;161.930277586;164.12082696;163.204041481;164.035638928;162.89574194;164.481861949;162.303482294;162.234520555;164.648181438;161.889711857;162.830836773;162.810553908;163.151306033;162.518480659;162.814610481;162.75781846;164.445352793;162.741592169;162.810553908;162.453575492;161.804523826;163.273003221;161.909994721;163.240550637;162.879515648;162.725365877;164.27497673;162.709139585;163.66243422;162.299425721;164.952424407;163.849036574;163.694886804;162.112823367;163.167532325;163.204041481;162.794327617;164.408843637;161.755844951;163.187815189;161.707166076;161.654430628;162.198011398;161.674713492;163.017439127;163.167532325;161.788297534;163.151306033;163.2162112;164.380447626;163.901772022;164.786104918;163.950450897;163.934224606;164.952424407;164.88751924;162.810553908;161.861315846;161.755844951;161.792354107;164.461579084;162.234520555;163.492058158;162.064144492;162.129049659;164.461579084;163.50828445;162.14527595;164.104600668;162.623951554;163.982903481;162.080370784;
95;162.725365877;164.258750439;162.899798512;161.792354107;162.303482294;162.287256002;163.066118002;162.709139585;163.171588898;163.577246189;164.445352793;163.220267773;162.21423769;162.335934877;162.250746846;163.646207929;162.741592169;163.646207929;163.698943377;162.319708586;162.319708586;161.909994721;162.453575492;164.498088241;163.66243422;162.011409044;162.575272679;163.305455804;163.853093147;163.167532325;163.289229512;162.745648742;162.916024804;162.847063065;161.995182753;162.384613752;164.684690595;163.475831866;162.080370784;162.542820096;162.027635336;162.932251096;164.579219699;163.763848543;163.252720356;161.978956461;163.220267773;161.260943055;161.078397274;164.599502563;162.080370784;162.50631094;162.843006492;162.522537231;164.05186522;164.222241282;162.847063065;163.354134679;164.717143178;162.011409044;163.544793606;164.12082696;161.995182753;162.352161169;164.189788699;163.102627158;162.50631094;164.242524147;164.291203022;163.252720356;163.321682096;162.863289356;162.335934877;163.459605575;162.847063065;163.66243422;164.700916886;162.453575492;162.421122909;165.057895303;162.89574194;162.352161169;162.964703679;162.8267802;162.011409044;162.469801784;161.978956461;162.453575492;162.250746846;164.088374376;164.072148085;162.469801784;163.04989171;162.28319943;162.400840044;163.358191252;164.769878626;162.490084648;165.228271365;164.34393847;
100;162.352161169;164.137053251;164.295259595;164.019412637;163.236494064;161.808580399;162.372444034;161.89376843;163.577246189;163.236494064;162.725365877;164.530540824;164.141109824;162.218294263;163.678660512;161.776127815;161.82480669;163.597529054;162.72942245;165.090347886;162.830836773;161.978956461;161.739618659;163.070174575;163.001212835;162.640177846;163.098570585;162.692913294;162.75781846;163.577246189;162.623951554;163.135079741;163.102627158;163.406870127;162.266973138;163.374417543;161.873485565;162.165558815;163.171588898;164.782048345;162.591498971;162.640177846;161.841032982;162.384613752;162.761875033;162.198011398;162.932251096;162.656404138;162.672630429;161.926221013;162.623951554;163.029608846;161.670656919;161.978956461;163.50828445;161.621978045;162.234520555;164.769878626;162.575272679;164.34393847;162.14527595;162.607725263;162.640177846;164.206014991;162.607725263;162.522537231;163.199984908;164.019412637;161.707166076;162.28319943;164.088374376;162.778101325;162.28319943;163.577246189;162.72942245;164.429126501;161.82480669;162.830836773;162.928194523;163.04989171;162.899798512;162.486028075;162.676687002;163.763848543;161.926221013;163.102627158;162.165558815;162.916024804;162.490084648;163.694886804;162.879515648;161.978956461;161.82480669;161.974899888;163.50828445;162.404896617;162.964703679;163.374417543;162.335934877;162.469801784;
105;162.490084648;162.198011398;162.064144492;162.984986544;162.129049659;162.011409044;162.932251096;162.980929971;162.027635336;163.763848543;162.388670325;162.368387461;162.486028075;162.863289356;163.406870127;162.814610481;162.774044752;163.73139596;163.780074835;162.863289356;164.137053251;163.374417543;163.325738668;162.830836773;161.942447305;162.473858356;162.847063065;162.879515648;162.473858356;164.595445991;161.978956461;164.66440773;162.372444034;162.404896617;161.926221013;162.8267802;164.137053251;163.711113095;163.390643835;163.427152991;163.325738668;162.027635336;163.66243422;163.001212835;163.747622252;163.698943377;162.89574194;161.638204336;162.830836773;163.289229512;162.778101325;161.942447305;162.368387461;163.273003221;162.266973138;163.455549002;161.841032982;163.800357699;162.843006492;163.646207929;161.857259274;161.861315846;161.739618659;163.082344294;163.390643835;163.135079741;161.930277586;162.745648742;162.660460711;161.808580399;163.625925064;162.198011398;162.266973138;162.810553908;161.978956461;161.808580399;162.50631094;162.709139585;163.577246189;162.331878304;163.374417543;162.591498971;162.218294263;163.881489158;163.885545731;164.019412637;163.102627158;163.865262866;162.676687002;163.220267773;163.337908387;162.830836773;162.149332523;161.723392367;163.033665419;163.236494064;161.707166076;162.129049659;163.694886804;163.986960053;
110;162.250746846;162.096597075;163.204041481;161.808580399;162.14527595;163.082344294;163.763848543;161.244716763;162.660460711;163.901772022;163.528567314;161.82480669;163.528567314;161.909994721;164.44129622;162.830836773;163.066118002;162.287256002;167.082125187;161.723392367;163.070174575;161.804523826;163.033665419;162.542820096;162.198011398;163.678660512;163.183758616;163.970733762;164.05186522;163.763848543;163.694886804;163.50828445;162.315652013;162.778101325;163.629981637;161.877542138;161.926221013;161.89376843;164.055921793;162.234520555;162.266973138;163.358191252;164.919971824;163.204041481;161.82480669;162.352161169;164.88751924;161.909994721;162.404896617;163.609698772;164.510257959;164.429126501;161.89376843;162.8267802;162.709139585;164.137053251;163.901772022;163.305455804;162.810553908;163.934224606;162.591498971;164.173562407;162.522537231;162.11687994;162.847063065;163.220267773;162.421122909;163.098570585;163.524510741;162.587442398;164.019412637;163.812527418;162.165558815;162.709139585;162.879515648;162.899798512;163.73139596;164.753652334;163.337908387;163.678660512;161.942447305;163.337908387;164.376391053;162.335934877;162.335934877;163.678660512;164.615728855;162.421122909;162.352161169;163.098570585;163.682717085;163.220267773;163.796301126;163.698943377;163.646207929;163.800357699;163.613755345;162.79838419;163.033665419;165.329685688;
115;161.930277586;162.404896617;162.469801784;163.273003221;163.66243422;162.911968231;162.372444034;162.368387461;163.171588898;161.909994721;162.368387461;164.88751924;163.561019897;162.315652013;165.021386147;162.421122909;162.676687002;161.89376843;163.033665419;163.544793606;162.879515648;162.911968231;162.692913294;162.234520555;162.372444034;162.4373492;138.041119695;164.035638928;162.692913294;162.741592169;161.739618659;162.250746846;162.352161169;162.847063065;164.834783792;165.398647428;162.709139585;162.725365877;162.28319943;162.043861628;163.070174575;162.319708586;161.82480669;163.642151356;162.266973138;163.204041481;165.057895303;162.299425721;162.778101325;164.546767116;162.181785107;164.035638928;161.841032982;163.236494064;162.486028075;163.151306033;162.794327617;164.137053251;164.242524147;162.287256002;164.871292949;162.916024804;163.354134679;162.21423769;166.570997;162.944420815;163.285172939;164.039695501;162.234520555;164.003186345;164.055921793;164.068091512;163.098570585;161.89376843;162.198011398;163.34196496;161.89376843;163.577246189;164.818557501;162.644234419;162.368387461;161.82480669;163.236494064;163.629981637;162.810553908;163.459605575;164.88751924;162.28319943;162.725365877;163.220267773;162.250746846;164.940254688;163.50828445;163.135079741;163.492058158;163.609698772;162.250746846;164.088374376;161.605751753;162.72942245;
120;163.001212835;163.256776929;163.986960053;161.909994721;162.709139585;161.909994721;163.033665419;163.135079741;163.033665419;163.934224606;162.181785107;162.18584168;163.747622252;163.715169668;162.218294263;163.236494064;164.445352793;163.950450897;163.950450897;162.250746846;162.096597075;162.554989815;162.0479182;163.135079741;163.374417543;162.18584168;162.761875033;161.723392367;162.133106232;161.670656919;162.794327617;161.792354107;162.043861628;162.692913294;161.690939784;163.033665419;162.656404138;163.577246189;161.808580399;161.89376843;161.707166076;163.917998314;162.591498971;163.970733762;163.784131408;162.218294263;163.913941741;162.538763523;162.607725263;162.640177846;162.319708586;163.406870127;163.114796877;162.28319943;162.847063065;164.068091512;163.252720356;162.554989815;163.524510741;161.755844951;162.761875033;162.709139585;161.808580399;163.832810283;164.855066657;164.360164762;163.597529054;161.89376843;163.747622252;164.222241282;163.220267773;162.015465617;163.561019897;164.838840365;164.104600668;162.623951554;164.648181438;162.0479182;164.631955147;162.830836773;162.388670325;163.609698772;164.019412637;163.204041481;162.490084648;163.800357699;163.73139596;164.700916886;162.011409044;162.50631094;162.352161169;163.427152991;165.037612438;162.473858356;163.784131408;162.879515648;162.50631094;162.863289356;164.291203022;163.43932271;
125;163.66243422;163.374417543;162.692913294;162.676687002;163.528567314;164.765822053;164.206014991;163.475831866;162.644234419;163.358191252;163.966677189;163.114796877;163.492058158;164.27497673;162.064144492;163.252720356;162.50631094;162.89574194;162.932251096;163.098570585;163.796301126;163.917998314;162.522537231;161.978956461;163.885545731;163.780074835;164.242524147;164.27497673;163.374417543;162.879515648;163.017439127;162.4373492;162.948477387;165.159309626;163.865262866;163.374417543;162.984986544;162.453575492;162.384613752;162.964703679;163.715169668;164.652238011;164.258750439;162.372444034;164.648181438;164.615728855;164.477805376;163.747622252;162.266973138;163.66243422;162.149332523;162.404896617;162.250746846;164.477805376;162.964703679;162.287256002;161.861315846;162.315652013;161.841032982;163.354134679;161.755844951;162.968760252;162.847063065;162.303482294;161.755844951;163.897715449;163.220267773;163.151306033;162.932251096;162.688856721;163.577246189;163.053948283;162.591498971;162.794327617;163.849036574;162.181785107;162.043861628;163.970733762;162.50631094;162.234520555;162.064144492;162.11687994;163.577246189;161.707166076;163.37036097;163.374417543;162.0479182;163.066118002;162.149332523;163.711113095;162.198011398;163.800357699;164.27497673;162.725365877;162.060087919;162.50631094;164.258750439;161.686883211;163.017439127;161.755844951;
130;162.538763523;162.319708586;163.934224606;163.966677189;163.204041481;162.591498971;162.50631094;161.707166076;162.984986544;162.246690273;163.443379283;162.623951554;161.772071242;161.451601982;162.656404138;161.808580399;163.917998314;162.709139585;164.412900209;161.909994721;162.538763523;163.082344294;163.711113095;163.273003221;162.149332523;163.183758616;162.623951554;163.609698772;163.625925064;161.686883211;163.135079741;161.861315846;163.135079741;164.206014991;163.646207929;162.421122909;163.763848543;162.8267802;162.745648742;162.368387461;164.055921793;162.011409044;163.66243422;162.879515648;163.374417543;164.05186522;164.157336116;161.909994721;162.080370784;163.609698772;161.995182753;161.995182753;162.299425721;162.027635336;164.510257959;162.011409044;162.50631094;165.228271365;164.258750439;162.794327617;163.066118002;164.668464303;163.220267773;162.932251096;162.911968231;163.029608846;162.234520555;163.273003221;162.8267802;162.080370784;163.747622252;162.709139585;161.82480669;162.522537231;163.423096418;163.11885345;163.475831866;162.50631094;164.226297855;163.528567314;163.187815189;163.849036574;163.199984908;162.8267802;162.522537231;162.080370784;162.453575492;164.615728855;162.486028075;162.899798512;163.492058158;162.761875033;165.025442719;164.765822053;161.942447305;163.151306033;163.305455804;163.800357699;162.964703679;164.222241282;
135;163.285172939;162.709139585;162.879515648;162.031691909;162.778101325;162.335934877;161.857259274;164.546767116;162.400840044;163.337908387;161.942447305;162.847063065;163.167532325;161.974899888;162.830836773;162.266973138;162.096597075;164.035638928;164.477805376;164.429126501;163.698943377;164.818557501;164.992990136;163.577246189;163.151306033;162.315652013;163.11885345;163.593472481;161.808580399;162.640177846;163.102627158;163.609698772;161.873485565;163.001212835;162.656404138;162.591498971;165.297233105;163.50828445;163.390643835;163.321682096;163.934224606;163.459605575;161.638204336;164.631955147;163.017439127;164.396673918;162.640177846;163.881489158;162.50631094;163.135079741;163.236494064;162.4373492;164.003186345;163.135079741;162.964703679;164.44129622;163.04989171;163.849036574;162.640177846;161.857259274;162.372444034;163.374417543;163.849036574;161.861315846;163.155362606;163.780074835;161.772071242;163.986960053;162.181785107;162.623951554;161.755844951;163.459605575;163.11885345;164.003186345;161.808580399;162.607725263;164.412900209;164.27497673;162.628008127;163.354134679;161.808580399;164.088374376;163.37036097;162.709139585;164.137053251;163.784131408;164.769878626;162.266973138;162.181785107;162.794327617;162.656404138;164.05186522;162.335934877;163.938281178;165.110630751;163.066118002;163.970733762;164.530540824;163.544793606;164.510257959;
140;162.486028075;162.928194523;165.057895303;163.321682096;165.009216428;162.692913294;163.694886804;162.778101325;162.863289356;164.153279543;162.031691909;162.522537231;164.104600668;164.039695501;161.808580399;163.73139596;162.384613752;163.849036574;162.863289356;162.847063065;162.794327617;163.268946648;162.4373492;162.027635336;164.068091512;164.210071564;161.962730169;161.942447305;164.339881897;163.001212835;164.631955147;164.700916886;161.995182753;164.104600668;162.469801784;165.126857042;164.173562407;163.694886804;162.883572221;163.646207929;163.268946648;163.767905116;164.068091512;161.942447305;161.877542138;162.400840044;162.388670325;161.89376843;162.490084648;162.421122909;162.129049659;163.04989171;164.206014991;163.358191252;164.595445991;163.475831866;163.135079741;163.492058158;162.064144492;163.763848543;165.212045074;162.522537231;161.946503878;164.206014991;161.942447305;163.629981637;164.631955147;161.995182753;165.009216428;163.066118002;162.676687002;162.928194523;162.50631094;162.810553908;162.810553908;163.800357699;162.400840044;164.153279543;163.358191252;162.899798512;163.358191252;163.151306033;161.82480669;161.670656919;161.909994721;162.692913294;162.218294263;162.778101325;163.11885345;163.001212835;164.34393847;163.763848543;162.198011398;164.055921793;164.003186345;162.575272679;163.934224606;162.112823367;162.50631094;164.238467574;
145;163.102627158;163.236494064;161.792354107;162.911968231;164.088374376;162.640177846;163.865262866;163.066118002;162.486028075;163.475831866;162.250746846;161.995182753;162.830836773;161.755844951;162.198011398;162.522537231;163.301399231;162.133106232;163.390643835;164.258750439;162.11687994;164.34393847;162.096597075;162.165558815;162.181785107;161.707166076;163.459605575;163.325738668;162.968760252;162.591498971;162.202067971;162.011409044;162.916024804;162.027635336;162.28319943;162.984986544;163.070174575;163.784131408;162.932251096;161.772071242;162.181785107;162.11687994;162.149332523;164.412900209;163.443379283;163.443379283;161.654430628;162.218294263;161.723392367;162.522537231;161.723392367;162.980929971;162.72942245;162.486028075;162.928194523;163.780074835;162.181785107;161.82480669;163.135079741;162.660460711;161.808580399;162.303482294;162.14527595;163.236494064;161.82480669;163.986960053;162.741592169;161.638204336;162.688856721;161.808580399;162.72942245;162.948477387;161.792354107;161.857259274;162.688856721;163.273003221;163.220267773;163.337908387;163.678660512;162.299425721;162.096597075;164.072148085;161.804523826;164.972707272;162.319708586;161.739618659;162.198011398;163.970733762;162.250746846;162.676687002;162.421122909;162.559046388;162.299425721;162.11687994;163.492058158;163.171588898;163.11885345;165.601476073;162.676687002;162.218294263;
150;162.794327617;162.250746846;163.167532325;163.017439127;163.711113095;162.607725263;164.66440773;162.676687002;162.672630429;163.524510741;162.28319943;162.794327617;163.11885345;161.674713492;165.686664104;163.183758616;163.102627158;164.072148085;162.741592169;162.899798512;164.668464303;162.591498971;163.540737033;163.04989171;163.086400867;162.948477387;163.427152991;162.554989815;161.995182753;165.122800469;162.522537231;163.001212835;163.50828445;163.374417543;162.060087919;163.033665419;162.591498971;163.04989171;164.684690595;161.638204336;162.863289356;162.879515648;162.843006492;162.011409044;163.917998314;162.368387461;162.575272679;162.112823367;163.013382554;163.337908387;164.141109824;162.027635336;161.53273344;161.788297534;162.031691909;162.50631094;162.112823367;163.11885345;163.256776929;161.82480669;162.064144492;164.327712178;162.453575492;162.794327617;163.73139596;162.538763523;162.031691909;162.50631094;162.027635336;162.421122909;163.427152991;162.096597075;162.469801784;161.484054565;162.181785107;163.865262866;161.995182753;161.605751753;161.585468888;161.703109503;162.404896617;161.589525461;162.656404138;163.013382554;163.001212835;161.654430628;162.064144492;161.861315846;163.001212835;162.980929971;163.556963325;163.986960053;163.970733762;162.554989815;162.640177846;161.621978045;162.964703679;162.984986544;163.017439127;163.029608846;
155;163.577246189;161.638204336;164.12082696;161.585468888;161.670656919;162.129049659;161.654430628;161.654430628;163.800357699;163.999129772;162.656404138;163.849036574;161.926221013;161.755844951;163.082344294;163.492058158;163.013382554;162.656404138;164.579219699;165.313459396;162.100653648;162.997156262;164.157336116;163.135079741;163.220267773;163.11885345;162.843006492;164.871292949;162.692913294;162.335934877;162.28319943;162.623951554;162.72942245;164.445352793;164.631955147;161.788297534;163.082344294;162.623951554;162.28319943;162.672630429;162.778101325;164.173562407;162.692913294;162.964703679;163.544793606;163.171588898;164.66440773;162.165558815;162.761875033;161.946503878;163.780074835;163.11885345;161.82480669;162.299425721;163.475831866;163.609698772;163.289229512;163.629981637;162.997156262;163.252720356;162.368387461;163.593472481;163.901772022;165.074121594;163.135079741;163.220267773;162.319708586;163.950450897;163.029608846;164.019412637;163.597529054;162.198011398;162.149332523;164.477805376;162.607725263;162.692913294;164.408843637;164.360164762;163.698943377;163.938281178;161.772071242;163.04989171;163.966677189;164.291203022;162.692913294;162.198011398;162.745648742;163.220267773;162.368387461;162.725365877;162.810553908;161.873485565;162.165558815;163.609698772;162.542820096;162.607725263;162.28319943;163.102627158;163.646207929;163.102627158;
160;161.776127815;165.398647428;163.102627158;162.043861628;163.374417543;162.198011398;162.879515648;162.100653648;163.390643835;162.080370784;162.266973138;162.250746846;162.709139585;162.591498971;161.674713492;162.352161169;162.299425721;165.281006813;162.149332523;161.723392367;162.538763523;163.727339387;161.772071242;162.522537231;161.686883211;161.500280857;161.617921472;161.686883211;162.932251096;163.033665419;162.575272679;162.980929971;163.43932271;162.964703679;161.755844951;162.964703679;163.812527418;163.544793606;161.333961368;163.04989171;161.772071242;162.060087919;164.360164762;162.591498971;162.331878304;162.080370784;162.28319943;161.670656919;162.266973138;163.492058158;162.761875033;162.761875033;162.319708586;162.112823367;162.202067971;163.593472481;162.266973138;163.901772022;161.792354107;164.648181438;162.980929971;162.8267802;163.646207929;162.847063065;162.0479182;164.477805376;161.723392367;162.250746846;162.28319943;162.725365877;164.003186345;162.644234419;164.412900209;162.644234419;162.879515648;161.792354107;162.980929971;164.514314532;162.043861628;162.372444034;161.995182753;161.930277586;161.808580399;162.725365877;161.808580399;163.934224606;164.95648098;162.50631094;163.524510741;162.863289356;162.453575492;162.538763523;162.299425721;162.948477387;162.761875033;162.404896617;163.455549002;163.66243422;162.335934877;162.8267802;
165;163.646207929;163.812527418;162.741592169;162.388670325;162.794327617;163.082344294;163.698943377;162.863289356;163.678660512;163.544793606;162.250746846;162.319708586;161.926221013;164.055921793;162.234520555;164.124883533;163.305455804;163.715169668;163.986960053;163.102627158;161.909994721;162.469801784;162.794327617;163.236494064;163.747622252;164.972707272;162.368387461;163.577246189;162.234520555;162.234520555;162.234520555;162.368387461;161.776127815;162.331878304;163.593472481;162.266973138;160.956700087;163.04989171;163.406870127;162.404896617;163.646207929;161.857259274;163.66243422;162.250746846;161.841032982;163.682717085;163.512341022;162.916024804;162.948477387;162.623951554;162.165558815;162.303482294;163.682717085;162.315652013;162.352161169;163.577246189;162.778101325;162.218294263;161.792354107;164.035638928;164.035638928;162.656404138;161.755844951;162.218294263;163.897715449;162.607725263;163.950450897;163.321682096;163.013382554;163.986960053;164.27497673;163.593472481;162.149332523;165.467609167;162.250746846;162.660460711;162.656404138;162.096597075;163.289229512;162.89574194;161.792354107;163.305455804;162.644234419;161.772071242;162.623951554;163.151306033;163.66243422;162.980929971;163.999129772;161.739618659;162.4373492;162.202067971;161.703109503;162.198011398;161.755844951;162.814610481;162.303482294;162.640177846;165.414873719;162.778101325;
170;162.713196158;162.660460711;163.167532325;162.761875033;163.187815189;162.218294263;161.857259274;161.909994721;163.50828445;161.926221013;162.778101325;164.396673918;163.135079741;162.218294263;162.794327617;161.909994721;163.289229512;161.788297534;161.978956461;164.396673918;164.514314532;163.966677189;164.104600668;162.417066336;163.151306033;163.268946648;163.321682096;161.776127815;162.843006492;164.461579084;161.962730169;162.28319943;163.252720356;164.429126501;161.845089555;162.741592169;163.220267773;162.830836773;163.135079741;162.761875033;163.337908387;161.808580399;163.268946648;164.05186522;162.352161169;161.82480669;163.678660512;163.715169668;163.832810283;162.319708586;163.784131408;162.14527595;162.043861628;163.459605575;163.34196496;164.323655605;163.629981637;164.425069928;163.763848543;163.512341022;162.031691909;162.741592169;161.873485565;162.027635336;163.289229512;163.816583991;164.137053251;162.932251096;162.457632065;162.473858356;162.299425721;162.404896617;162.368387461;164.141109824;162.863289356;161.845089555;164.583276272;163.694886804;161.739618659;161.841032982;163.167532325;162.964703679;163.646207929;163.135079741;163.970733762;163.406870127;162.948477387;161.89376843;162.453575492;162.741592169;163.999129772;161.926221013;162.027635336;163.406870127;162.368387461;162.709139585;164.514314532;161.82480669;162.778101325;162.709139585;
175;164.498088241;163.423096418;162.713196158;163.086400867;163.167532325;163.625925064;162.384613752;164.05186522;162.8267802;162.692913294;164.56704998;164.12082696;161.889711857;164.445352793;163.04989171;162.778101325;162.644234419;162.607725263;162.692913294;162.400840044;162.165558815;164.445352793;162.352161169;161.909994721;163.167532325;161.808580399;161.755844951;162.352161169;161.792354107;162.149332523;161.909994721;163.204041481;163.609698772;163.220267773;161.930277586;163.102627158;163.220267773;161.926221013;164.003186345;162.810553908;163.11885345;164.055921793;163.540737033;162.266973138;163.913941741;163.934224606;162.266973138;163.577246189;161.978956461;163.492058158;161.909994721;162.335934877;163.694886804;161.723392367;161.942447305;162.266973138;162.814610481;164.124883533;163.715169668;162.692913294;161.792354107;162.778101325;162.230463982;163.528567314;163.629981637;162.384613752;163.613755345;162.303482294;164.360164762;162.28319943;162.181785107;162.911968231;161.978956461;161.366413951;161.995182753;163.358191252;164.137053251;162.181785107;163.390643835;162.031691909;161.909994721;163.492058158;163.73139596;162.607725263;161.670656919;161.89376843;161.909994721;164.173562407;162.843006492;161.804523826;162.198011398;164.104600668;161.909994721;163.374417543;163.885545731;162.319708586;161.89376843;162.234520555;162.352161169;164.189788699;
180;164.583276272;163.646207929;163.252720356;162.522537231;163.289229512;162.879515648;163.358191252;164.189788699;164.562993407;164.019412637;161.942447305;162.863289356;162.368387461;163.492058158;161.889711857;162.368387461;162.810553908;163.256776929;162.761875033;162.692913294;162.384613752;162.725365877;163.151306033;163.204041481;162.28319943;163.613755345;164.068091512;161.995182753;162.198011398;164.494031668;162.964703679;163.220267773;162.319708586;164.599502563;164.088374376;163.102627158;161.978956461;161.857259274;162.368387461;162.660460711;163.167532325;161.808580399;163.780074835;162.879515648;162.623951554;162.810553908;162.50631094;164.66440773;163.747622252;161.877542138;164.003186345;161.909994721;161.707166076;162.335934877;162.794327617;164.05186522;164.088374376;162.234520555;161.674713492;162.944420815;162.644234419;161.638204336;163.102627158;164.088374376;162.335934877;162.352161169;164.173562407;161.759901524;162.421122909;163.459605575;161.995182753;161.808580399;163.37036097;161.861315846;162.623951554;164.242524147;162.79838419;162.404896617;163.289229512;163.816583991;163.423096418;163.013382554;162.794327617;163.986960053;162.843006492;162.161502242;162.352161169;163.593472481;162.21423769;162.352161169;163.236494064;163.970733762;162.218294263;163.11885345;162.830836773;162.250746846;162.404896617;163.524510741;162.234520555;162.8267802;
185;163.986960053;163.04989171;162.794327617;163.151306033;162.319708586;163.001212835;164.396673918;161.873485565;162.315652013;163.220267773;162.246690273;164.003186345;163.171588898;164.461579084;164.019412637;163.220267773;162.725365877;162.607725263;164.157336116;162.384613752;163.033665419;162.830836773;161.366413951;163.183758616;162.692913294;164.068091512;163.95450747;164.307429314;163.609698772;162.28319943;162.899798512;164.068091512;163.982903481;162.352161169;162.810553908;164.546767116;161.946503878;163.682717085;162.368387461;164.425069928;162.778101325;162.4373492;162.741592169;164.088374376;162.794327617;164.104600668;162.623951554;163.767905116;163.001212835;162.4373492;162.607725263;162.250746846;165.005159855;163.236494064;161.909994721;161.995182753;163.220267773;163.966677189;162.623951554;162.352161169;162.89574194;162.031691909;162.011409044;163.305455804;163.033665419;162.28319943;163.033665419;162.250746846;161.82480669;164.530540824;162.660460711;162.404896617;164.27497673;162.015465617;161.857259274;164.376391053;163.492058158;164.12082696;161.861315846;162.794327617;162.709139585;163.273003221;165.50006175;162.266973138;162.932251096;162.198011398;159.646427035;163.406870127;162.457632065;161.978956461;163.240550637;164.035638928;161.415092826;164.104600668;162.607725263;163.204041481;163.66243422;163.252720356;162.28319943;161.946503878;
190;162.335934877;165.228271365;162.8267802;161.958673596;163.66243422;162.234520555;162.676687002;161.962730169;162.79838419;161.804523826;163.646207929;162.778101325;163.204041481;164.445352793;164.055921793;163.135079741;164.327712178;162.234520555;163.135079741;162.607725263;161.569242597;163.646207929;162.607725263;161.877542138;162.554989815;163.135079741;163.524510741;162.198011398;162.250746846;162.149332523;162.315652013;162.623951554;162.21423769;162.21423769;161.857259274;161.617921472;163.187815189;161.654430628;161.776127815;163.982903481;161.861315846;161.861315846;162.181785107;162.997156262;164.104600668;163.934224606;162.928194523;163.220267773;162.165558815;162.129049659;163.917998314;164.988933563;163.256776929;162.218294263;164.360164762;162.709139585;161.755844951;163.646207929;162.676687002;162.202067971;161.792354107;162.096597075;161.962730169;161.804523826;162.250746846;163.017439127;162.75781846;162.266973138;163.609698772;162.964703679;163.869319439;162.4373492;163.187815189;162.299425721;163.613755345;163.443379283;162.741592169;164.173562407;161.772071242;161.873485565;162.250746846;162.916024804;162.198011398;162.928194523;162.21423769;162.011409044;162.319708586;163.747622252;162.741592169;162.266973138;162.761875033;163.273003221;162.335934877;162.725365877;163.151306033;162.181785107;162.911968231;162.911968231;162.4373492;162.843006492;
195;162.112823367;164.157336116;163.321682096;164.222241282;162.883572221;162.538763523;162.916024804;164.084317803;164.242524147;161.942447305;162.640177846;162.89574194;164.769878626;164.615728855;162.096597075;163.528567314;162.064144492;162.980929971;162.980929971;163.443379283;162.571216106;162.129049659;164.376391053;162.948477387;162.948477387;164.242524147;162.928194523;163.865262866;163.901772022;163.017439127;162.640177846;163.901772022;163.114796877;162.0479182;162.218294263;163.561019897;162.911968231;162.011409044;164.360164762;162.149332523;162.522537231;163.443379283;162.911968231;164.34393847;163.950450897;163.475831866;162.4373492;163.763848543;163.917998314;163.767905116;163.901772022;163.406870127;162.490084648;164.952424407;162.843006492;163.187815189;165.34591198;162.623951554;163.236494064;162.522537231;163.780074835;163.885545731;162.623951554;163.390643835;161.926221013;163.715169668;161.958673596;164.019412637;162.964703679;164.206014991;164.088374376;162.575272679;163.406870127;163.151306033;163.642151356;164.072148085;161.723392367;164.392617345;163.374417543;163.029608846;162.372444034;163.406870127;162.847063065;161.804523826;164.737426043;162.60366869;163.033665419;162.149332523;162.165558815;163.04989171;162.676687002;162.031691909;163.135079741;162.761875033;161.605751753;164.173562407;161.89376843;163.04989171;162.064144492;162.554989815;
200;165.962511063;164.124883533;163.033665419;164.055921793;162.911968231;162.879515648;162.709139585;161.605751753;162.080370784;163.374417543;162.997156262;162.096597075;164.003186345;161.382640243;162.932251096;161.60169518;164.141109824;164.258750439;162.4373492;165.617702365;162.473858356;163.816583991;162.490084648;161.467828274;162.404896617;162.064144492;163.43932271;161.974899888;161.723392367;161.926221013;162.100653648;163.73139596;164.648181438;163.423096418;163.358191252;162.623951554;161.638204336;162.246690273;162.404896617;162.096597075;162.980929971;162.984986544;163.986960053;163.017439127;161.82480669;162.080370784;163.459605575;161.654430628;161.845089555;162.692913294;161.674713492;162.676687002;162.660460711;163.289229512;162.623951554;162.129049659;162.676687002;162.4373492;161.792354107;162.096597075;163.135079741;162.75781846;165.143083334;165.228271365;161.857259274;165.122800469;162.968760252;161.89376843;164.717143178;163.236494064;163.321682096;162.607725263;161.974899888;163.796301126;162.234520555;161.857259274;163.625925064;163.970733762;174.465087891;162.165558815;166.080151677;162.149332523;162.948477387;163.337908387;163.04989171;164.765822053;162.810553908;163.443379283;162.794327617;163.986960053;164.311485887;164.34393847;162.060087919;162.571216106;163.098570585;162.89574194;163.321682096;162.457632065;162.473858356;162.575272679;
205;163.033665419;162.015465617;163.423096418;164.222241282;163.763848543;163.033665419;162.287256002;162.843006492;164.189788699;162.011409044;162.486028075;163.423096418;161.995182753;164.680634022;161.962730169;162.400840044;162.554989815;163.256776929;164.124883533;163.066118002;161.82480669;163.646207929;163.427152991;164.595445991;161.962730169;162.559046388;161.841032982;162.384613752;162.368387461;163.694886804;161.723392367;164.526484251;164.035638928;162.250746846;163.199984908;162.656404138;161.808580399;162.676687002;161.926221013;162.315652013;162.794327617;163.711113095;162.623951554;164.088374376;165.126857042;162.741592169;163.492058158;162.623951554;162.250746846;162.266973138;162.709139585;165.126857042;162.388670325;162.080370784;163.183758616;162.218294263;163.37036097;162.948477387;161.857259274;164.56704998;162.4373492;162.676687002;162.112823367;162.538763523;163.151306033;162.287256002;161.670656919;161.909994721;162.064144492;163.832810283;162.830836773;162.623951554;163.524510741;164.210071564;162.266973138;161.670656919;161.82480669;161.82480669;162.331878304;162.14527595;162.607725263;164.003186345;162.709139585;162.315652013;161.670656919;162.911968231;162.234520555;162.096597075;162.18584168;163.171588898;163.577246189;163.982903481;162.080370784;163.082344294;161.772071242;161.719335794;163.04989171;161.654430628;162.14527595;162.741592169;
210;162.372444034;162.778101325;162.400840044;162.692913294;162.218294263;163.934224606;162.161502242;162.72942245;163.236494064;162.181785107;161.759901524;164.068091512;162.778101325;163.459605575;161.909994721;163.102627158;163.04989171;163.135079741;162.331878304;164.514314532;163.11885345;162.847063065;163.171588898;163.220267773;164.019412637;162.794327617;161.808580399;162.688856721;164.481861949;162.709139585;163.50828445;162.4373492;162.28319943;163.102627158;162.319708586;162.319708586;163.577246189;162.421122909;163.066118002;162.794327617;163.151306033;162.4373492;164.173562407;162.28319943;162.352161169;163.715169668;162.916024804;162.28319943;161.772071242;163.613755345;161.926221013;162.761875033;163.492058158;161.297452211;163.613755345;162.75781846;162.72942245;162.778101325;164.27497673;163.305455804;161.861315846;163.199984908;162.964703679;164.153279543;162.964703679;161.89376843;162.692913294;163.593472481;163.609698772;163.747622252;161.926221013;162.421122909;162.741592169;162.388670325;161.978956461;162.709139585;162.778101325;163.747622252;162.352161169;162.011409044;161.82480669;163.187815189;163.646207929;164.530540824;163.4109267;162.745648742;162.964703679;162.932251096;163.11885345;164.73336947;164.445352793;163.289229512;162.692913294;162.522537231;162.421122909;163.780074835;162.319708586;161.841032982;164.055921793;162.761875033;
215;164.173562407;163.305455804;161.89376843;163.321682096;162.863289356;162.778101325;162.794327617;163.305455804;162.331878304;164.039695501;163.986960053;161.909994721;163.187815189;162.778101325;162.352161169;163.102627158;163.04989171;162.21423769;163.496114731;162.50631094;162.660460711;162.591498971;163.187815189;164.003186345;163.492058158;162.202067971;163.475831866;162.745648742;162.0479182;161.739618659;162.181785107;161.841032982;163.098570585;162.709139585;163.455549002;163.492058158;162.250746846;161.808580399;163.950450897;162.676687002;164.291203022;162.11687994;164.396673918;163.305455804;163.800357699;162.964703679;161.776127815;162.368387461;161.690939784;164.429126501;163.183758616;163.678660512;162.453575492;164.972707272;164.003186345;162.266973138;163.763848543;163.561019897;162.299425721;163.540737033;162.672630429;164.615728855;161.739618659;163.033665419;162.899798512;161.585468888;161.926221013;162.299425721;178.752885461;163.305455804;161.841032982;162.522537231;163.780074835;164.124883533;162.421122909;163.236494064;162.591498971;161.909994721;162.607725263;162.692913294;162.814610481;162.932251096;162.810553908;162.246690273;163.832810283;161.877542138;162.587442398;162.916024804;163.800357699;163.029608846;164.068091512;162.266973138;162.50631094;163.305455804;161.995182753;163.747622252;163.73139596;163.832810283;162.490084648;163.66243422;
220;162.469801784;163.289229512;162.0479182;164.039695501;163.901772022;161.942447305;162.948477387;162.932251096;163.220267773;161.926221013;163.780074835;163.289229512;162.814610481;164.595445991;162.112823367;163.800357699;164.291203022;163.374417543;162.916024804;162.011409044;163.273003221;163.220267773;163.698943377;163.273003221;164.445352793;164.648181438;162.266973138;162.761875033;161.861315846;163.678660512;162.335934877;163.642151356;163.183758616;163.800357699;162.421122909;163.082344294;162.692913294;163.694886804;162.692913294;162.863289356;161.877542138;162.741592169;164.019412637;162.863289356;163.305455804;162.859232783;161.857259274;163.593472481;161.707166076;162.761875033;162.814610481;164.871292949;162.28319943;162.181785107;163.917998314;161.719335794;162.964703679;161.808580399;162.623951554;162.709139585;162.234520555;161.877542138;162.096597075;162.096597075;163.305455804;161.845089555;163.321682096;162.064144492;163.082344294;162.591498971;161.686883211;162.761875033;162.676687002;162.538763523;162.469801784;161.686883211;164.019412637;161.516507149;163.986960053;164.242524147;164.189788699;162.149332523;163.04989171;161.82480669;161.686883211;162.794327617;164.003186345;162.453575492;161.654430628;162.538763523;161.670656919;162.133106232;162.660460711;162.027635336;164.307429314;161.776127815;162.027635336;162.538763523;162.14527595;163.135079741;
225;162.911968231;164.311485887;163.017439127;162.554989815;164.323655605;162.218294263;163.11885345;162.490084648;164.242524147;164.425069928;164.222241282;162.11687994;162.133106232;162.096597075;163.999129772;163.04989171;163.950450897;163.321682096;165.670437813;163.013382554;162.129049659;163.033665419;163.029608846;162.591498971;163.135079741;164.903745532;161.638204336;162.490084648;162.218294263;164.648181438;162.761875033;161.792354107;162.656404138;162.656404138;163.982903481;161.82480669;164.039695501;163.698943377;162.250746846;162.778101325;163.289229512;161.873485565;161.808580399;163.50828445;161.703109503;164.445352793;161.792354107;161.690939784;163.187815189;164.510257959;161.828863263;162.692913294;162.28319943;161.877542138;163.252720356;163.033665419;161.723392367;163.033665419;163.609698772;163.204041481;162.266973138;162.129049659;162.404896617;162.692913294;164.579219699;162.794327617;163.358191252;162.830836773;163.66243422;163.354134679;163.715169668;163.577246189;162.352161169;162.928194523;164.392617345;161.995182753;163.082344294;164.141109824;162.8267802;162.404896617;162.761875033;162.250746846;162.725365877;161.942447305;163.098570585;163.423096418;163.66243422;162.112823367;164.05186522;163.629981637;161.877542138;163.236494064;161.792354107;162.660460711;164.34393847;163.540737033;162.165558815;162.218294263;162.404896617;162.672630429;
230;163.204041481;163.220267773;164.903745532;162.863289356;162.250746846;162.335934877;164.818557501;164.088374376;162.761875033;162.266973138;161.89376843;163.155362606;163.678660512;162.181785107;162.745648742;163.268946648;163.183758616;162.299425721;161.776127815;162.607725263;162.778101325;161.82480669;163.017439127;161.707166076;162.997156262;162.948477387;164.461579084;162.250746846;163.098570585;161.398866534;162.250746846;164.968650699;163.001212835;163.204041481;164.291203022;163.492058158;162.623951554;163.849036574;163.04989171;162.575272679;163.390643835;164.327712178;162.064144492;163.390643835;163.390643835;162.863289356;163.406870127;161.703109503;162.843006492;161.788297534;162.522537231;161.841032982;161.638204336;161.995182753;162.4373492;161.605751753;163.512341022;163.492058158;164.311485887;164.206014991;163.102627158;162.11687994;162.538763523;164.429126501;163.070174575;163.800357699;163.406870127;161.686883211;162.980929971;161.776127815;162.709139585;162.538763523;163.204041481;164.871292949;162.198011398;162.064144492;161.739618659;164.153279543;163.492058158;162.384613752;163.171588898;162.165558815;162.266973138;161.739618659;163.625925064;162.181785107;161.845089555;161.946503878;164.360164762;161.808580399;161.861315846;163.082344294;162.725365877;163.577246189;162.234520555;162.847063065;162.745648742;163.167532325;163.220267773;161.909994721;
235;163.151306033;163.459605575;161.89376843;164.035638928;164.615728855;162.230463982;161.89376843;162.863289356;163.727339387;162.745648742;163.289229512;162.453575492;164.189788699;163.029608846;163.374417543;161.877542138;162.352161169;163.102627158;164.019412637;162.271029711;162.352161169;162.741592169;161.89376843;162.863289356;162.234520555;163.678660512;163.325738668;162.421122909;163.73139596;162.400840044;161.926221013;165.788078427;164.291203022;163.711113095;162.266973138;162.863289356;163.524510741;162.266973138;162.964703679;162.863289356;161.946503878;163.767905116;163.04989171;163.135079741;164.12082696;162.064144492;162.644234419;164.412900209;164.392617345;163.236494064;162.692913294;164.429126501;163.832810283;163.475831866;163.715169668;162.335934877;161.654430628;163.321682096;164.412900209;163.082344294;162.315652013;162.778101325;162.554989815;165.260723948;163.455549002;163.236494064;162.198011398;162.778101325;162.899798512;161.873485565;163.613755345;163.236494064;163.443379283;162.064144492;163.04989171;162.522537231;163.374417543;163.029608846;163.66243422;162.932251096;162.100653648;164.003186345;161.772071242;162.096597075;163.066118002;162.660460711;162.198011398;162.198011398;164.206014991;162.198011398;161.82480669;162.964703679;164.242524147;161.755844951;164.611672282;164.003186345;161.703109503;161.589525461;162.0479182;163.763848543;
240;163.492058158;162.112823367;163.528567314;161.776127815;163.544793606;162.863289356;162.676687002;163.832810283;162.218294263;163.780074835;162.948477387;163.816583991;162.21423769;164.855066657;161.707166076;161.670656919;162.607725263;161.719335794;161.707166076;163.459605575;163.135079741;163.374417543;163.496114731;162.948477387;163.070174575;162.129049659;164.786104918;162.559046388;163.135079741;162.932251096;163.135079741;162.725365877;162.964703679;162.964703679;161.723392367;161.674713492;164.855066657;163.950450897;164.753652334;165.792135;165.909775615;162.250746846;162.287256002;162.250746846;162.060087919;161.841032982;162.709139585;163.337908387;162.266973138;161.857259274;161.755844951;162.4373492;162.250746846;163.220267773;164.834783792;161.978956461;162.640177846;164.258750439;164.481861949;164.02346921;163.220267773;164.05186522;161.978956461;162.623951554;164.019412637;162.112823367;162.810553908;161.877542138;164.936198115;163.73139596;161.28122592;162.948477387;163.646207929;162.161502242;164.972707272;163.95450747;163.321682096;163.646207929;162.591498971;162.165558815;162.725365877;161.861315846;161.792354107;162.559046388;166.262697458;164.429126501;161.909994721;164.871292949;163.780074835;163.268946648;162.28319943;162.388670325;161.89376843;161.808580399;164.173562407;162.794327617;162.469801784;161.772071242;162.453575492;164.510257959;
245;164.514314532;163.236494064;165.516288042;162.814610481;165.037612438;162.352161169;162.692913294;162.315652013;163.305455804;163.337908387;164.035638928;162.4373492;163.358191252;161.926221013;163.187815189;161.873485565;162.352161169;163.187815189;165.078178167;163.199984908;163.763848543;163.220267773;163.187815189;163.04989171;163.204041481;162.28319943;164.429126501;163.609698772;163.711113095;164.445352793;162.778101325;163.102627158;162.571216106;164.072148085;161.707166076;161.723392367;162.234520555;162.591498971;162.542820096;162.234520555;162.575272679;163.204041481;163.406870127;162.165558815;162.72942245;162.997156262;162.843006492;162.72942245;162.266973138;163.50828445;164.412900209;162.198011398;164.940254688;166.027416229;163.098570585;163.934224606;162.692913294;162.843006492;162.372444034;163.204041481;162.064144492;163.390643835;161.841032982;163.252720356;162.575272679;162.250746846;161.703109503;161.946503878;163.43932271;164.44129622;162.964703679;163.459605575;162.133106232;162.623951554;163.252720356;163.917998314;161.755844951;161.926221013;163.11885345;164.376391053;163.561019897;164.222241282;163.816583991;162.640177846;163.236494064;163.321682096;165.228271365;163.001212835;163.204041481;164.818557501;162.096597075;161.89376843;162.331878304;162.181785107;162.591498971;162.112823367;162.271029711;162.640177846;165.735342979;163.609698772;
250;163.11885345;164.802331209;163.678660512;163.34196496;164.700916886;163.04989171;163.11885345;162.810553908;163.171588898;162.623951554;163.171588898;162.8267802;162.234520555;162.388670325;162.181785107;162.218294263;164.477805376;163.528567314;163.204041481;163.528567314;163.593472481;163.187815189;162.234520555;164.550823689;164.530540824;163.556963325;164.055921793;161.792354107;163.34196496;163.236494064;164.12082696;163.593472481;163.593472481;164.631955147;162.778101325;162.847063065;162.384613752;161.942447305;163.443379283;164.546767116;163.268946648;162.863289356;162.064144492;164.461579084;163.240550637;162.778101325;163.715169668;162.847063065;162.692913294;161.962730169;162.810553908;163.305455804;163.66243422;162.384613752;162.384613752;162.794327617;162.335934877;161.841032982;162.404896617;162.794327617;161.926221013;163.187815189;160.530759931;162.502254367;164.465635657;164.173562407;161.808580399;162.388670325;162.810553908;164.477805376;162.761875033;161.926221013;162.129049659;163.950450897;163.273003221;162.165558815;163.220267773;162.4373492;164.104600668;162.984986544;163.151306033;162.266973138;163.358191252;161.857259274;162.299425721;164.599502563;162.28319943;165.057895303;163.613755345;162.335934877;163.252720356;164.088374376;163.066118002;163.204041481;162.266973138;162.709139585;163.114796877;164.34393847;162.725365877;163.524510741;
255;162.692913294;163.017439127;163.2162112;162.473858356;163.066118002;162.644234419;163.459605575;163.167532325;162.575272679;163.593472481;161.621978045;162.404896617;162.676687002;161.690939784;162.11687994;162.218294263;162.181785107;162.202067971;161.638204336;163.832810283;163.800357699;162.096597075;162.522537231;163.017439127;161.703109503;163.34196496;162.50631094;162.623951554;162.165558815;161.670656919;161.772071242;163.613755345;163.017439127;161.723392367;163.04989171;161.686883211;162.031691909;165.349968553;163.273003221;161.621978045;164.753652334;162.198011398;162.709139585;162.198011398;162.571216106;164.392617345;162.587442398;162.741592169;161.723392367;161.723392367;162.761875033;165.27695024;162.112823367;162.814610481;162.794327617;163.187815189;163.43932271;164.173562407;162.368387461;162.948477387;162.980929971;164.429126501;162.948477387;162.538763523;164.141109824;161.792354107;164.392617345;163.151306033;162.709139585;163.540737033;163.50828445;162.899798512;162.319708586;163.678660512;163.151306033;163.354134679;162.352161169;164.035638928;162.335934877;164.238467574;161.759901524;163.966677189;162.335934877;162.352161169;164.546767116;162.761875033;163.698943377;163.597529054;162.879515648;164.838840365;162.830836773;163.625925064;163.220267773;162.8267802;163.715169668;163.646207929;138.073572278;163.135079741;161.909994721;162.774044752;
260;164.429126501;163.629981637;164.157336116;163.593472481;164.579219699;161.909994721;163.646207929;162.830836773;165.739399552;162.384613752;161.82480669;163.646207929;162.368387461;162.287256002;163.593472481;163.727339387;164.035638928;161.946503878;164.376391053;162.368387461;164.173562407;164.429126501;164.494031668;162.149332523;164.412900209;163.167532325;163.252720356;164.631955147;163.629981637;162.335934877;162.133106232;162.709139585;162.202067971;162.027635336;162.725365877;162.218294263;162.266973138;162.266973138;163.593472481;163.102627158;162.50631094;162.234520555;164.189788699;161.755844951;163.301399231;162.761875033;162.72942245;161.792354107;162.879515648;163.151306033;163.475831866;162.964703679;162.522537231;161.670656919;163.865262866;161.638204336;164.461579084;162.149332523;161.60169518;162.011409044;161.759901524;162.692913294;161.723392367;164.408843637;162.676687002;162.542820096;162.672630429;162.692913294;162.287256002;164.753652334;161.82480669;162.644234419;162.571216106;163.033665419;162.628008127;161.690939784;162.980929971;162.043861628;163.305455804;164.226297855;165.297233105;161.60169518;162.165558815;164.311485887;163.305455804;163.252720356;163.865262866;163.033665419;161.589525461;117.689293385;162.554989815;164.376391053;162.709139585;161.57329917;162.640177846;162.607725263;163.155362606;161.719335794;164.700916886;162.644234419;
265;163.11885345;163.033665419;163.459605575;162.080370784;161.707166076;162.303482294;162.623951554;163.475831866;161.703109503;162.522537231;162.692913294;164.818557501;163.544793606;162.984986544;162.688856721;162.246690273;161.808580399;161.776127815;163.11885345;162.202067971;162.181785107;161.808580399;162.28319943;164.323655605;161.909994721;163.082344294;163.151306033;162.761875033;164.12082696;161.808580399;162.591498971;162.575272679;164.084317803;162.234520555;162.997156262;163.577246189;162.404896617;161.845089555;162.79838419;163.321682096;162.453575492;163.204041481;162.133106232;162.571216106;161.739618659;163.305455804;161.958673596;163.715169668;164.157336116;163.337908387;162.28319943;162.21423769;163.694886804;163.678660512;162.644234419;162.469801784;162.28319943;163.593472481;164.73336947;162.745648742;162.964703679;162.352161169;162.916024804;163.321682096;162.165558815;161.926221013;162.911968231;164.700916886;162.335934877;161.909994721;164.088374376;163.236494064;162.299425721;163.678660512;162.879515648;163.816583991;161.930277586;164.206014991;164.360164762;162.50631094;161.909994721;164.855066657;162.879515648;162.384613752;163.694886804;163.204041481;162.8267802;161.995182753;162.372444034;162.421122909;162.335934877;163.796301126;163.66243422;163.086400867;163.747622252;163.102627158;162.352161169;162.794327617;164.189788699;162.303482294;
270;161.89376843;161.89376843;162.218294263;162.623951554;164.429126501;162.623951554;162.28319943;163.199984908;162.250746846;162.218294263;163.629981637;162.676687002;161.82480669;162.165558815;163.646207929;162.218294263;163.613755345;163.999129772;162.692913294;163.017439127;164.084317803;163.678660512;162.640177846;162.575272679;162.709139585;163.151306033;162.250746846;163.001212835;163.199984908;161.690939784;162.591498971;162.692913294;161.690939784;162.713196158;162.778101325;162.660460711;163.268946648;162.230463982;164.461579084;162.21423769;163.561019897;163.337908387;162.948477387;164.652238011;164.631955147;164.360164762;162.810553908;162.218294263;162.591498971;164.88751924;161.674713492;163.50828445;162.522537231;162.761875033;163.561019897;164.95648098;162.129049659;162.112823367;162.21423769;162.571216106;162.607725263;164.291203022;163.289229512;162.266973138;162.692913294;162.165558815;162.335934877;162.319708586;162.129049659;161.909994721;161.772071242;163.577246189;163.934224606;163.66243422;164.173562407;162.331878304;162.538763523;163.646207929;164.137053251;162.725365877;162.28319943;162.794327617;164.530540824;162.335934877;164.477805376;162.315652013;163.033665419;162.404896617;163.50828445;162.591498971;163.289229512;163.966677189;162.879515648;161.857259274;164.95648098;162.28319943;162.761875033;162.623951554;163.183758616;162.814610481;
275;162.400840044;165.27695024;163.167532325;163.694886804;163.151306033;162.319708586;161.995182753;162.741592169;162.810553908;162.469801784;162.319708586;162.335934877;163.646207929;163.646207929;164.530540824;162.761875033;164.631955147;163.252720356;162.932251096;163.171588898;164.291203022;161.995182753;161.962730169;163.268946648;162.859232783;164.66440773;163.386587262;162.421122909;163.236494064;162.352161169;163.220267773;162.027635336;164.157336116;164.258750439;162.133106232;163.423096418;162.89574194;162.011409044;163.390643835;163.747622252;164.05186522;164.238467574;161.995182753;161.861315846;163.950450897;162.692913294;163.187815189;162.89574194;163.406870127;163.849036574;162.575272679;162.847063065;162.299425721;161.946503878;163.50828445;163.832810283;161.930277586;161.926221013;163.204041481;161.926221013;162.725365877;161.926221013;162.591498971;162.011409044;161.958673596;163.982903481;162.469801784;164.12082696;164.141109824;164.481861949;163.086400867;162.027635336;161.942447305;162.165558815;163.390643835;162.830836773;163.001212835;161.873485565;163.252720356;164.530540824;162.198011398;162.911968231;163.561019897;162.4373492;162.234520555;162.692913294;162.319708586;164.072148085;162.28319943;161.841032982;162.778101325;162.218294263;162.319708586;162.814610481;163.561019897;163.187815189;162.640177846;162.319708586;162.372444034;163.135079741;
280;163.66243422;163.252720356;162.656404138;164.291203022;162.043861628;162.847063065;162.28319943;163.492058158;162.623951554;164.376391053;161.873485565;163.04989171;162.660460711;162.709139585;163.252720356;163.256776929;163.865262866;164.291203022;162.250746846;163.033665419;163.950450897;162.676687002;161.755844951;163.492058158;162.080370784;161.877542138;162.863289356;162.266973138;164.137053251;162.814610481;162.640177846;161.755844951;162.404896617;163.305455804;164.003186345;163.934224606;164.039695501;162.607725263;162.129049659;161.946503878;163.678660512;162.14527595;163.086400867;162.741592169;164.526484251;163.273003221;162.112823367;163.187815189;162.794327617;164.104600668;164.039695501;163.171588898;164.940254688;163.017439127;164.072148085;162.676687002;163.252720356;162.928194523;162.980929971;164.003186345;163.66243422;162.591498971;163.171588898;162.932251096;164.477805376;161.958673596;162.4373492;163.066118002;162.303482294;163.199984908;162.948477387;169.702671289;162.372444034;162.745648742;162.404896617;162.299425721;163.455549002;162.538763523;164.562993407;161.82480669;164.360164762;164.88751924;162.335934877;161.89376843;164.562993407;161.808580399;162.948477387;162.368387461;164.019412637;162.89574194;163.427152991;162.628008127;164.222241282;161.978956461;161.962730169;162.404896617;162.879515648;164.035638928;163.151306033;163.305455804;
285;162.911968231;164.141109824;162.932251096;162.473858356;163.04989171;162.89574194;161.958673596;163.252720356;161.89376843;162.863289356;162.352161169;162.28319943;163.337908387;162.8267802;162.486028075;162.299425721;162.948477387;162.863289356;163.273003221;162.331878304;162.911968231;163.727339387;162.352161169;163.747622252;161.926221013;164.498088241;163.374417543;162.964703679;162.28319943;162.469801784;162.303482294;163.816583991;162.676687002;164.680634022;163.220267773;163.849036574;164.019412637;164.855066657;163.252720356;163.273003221;162.198011398;165.244497657;162.50631094;163.43932271;164.27497673;163.832810283;162.202067971;163.832810283;163.849036574;163.427152991;162.692913294;163.715169668;165.244497657;164.291203022;163.305455804;165.175535917;164.05186522;163.881489158;163.305455804;163.406870127;164.648181438;163.849036574;163.033665419;164.562993407;163.901772022;162.554989815;163.386587262;163.406870127;162.133106232;162.554989815;162.623951554;164.189788699;162.469801784;163.305455804;162.198011398;164.242524147;162.916024804;164.12082696;163.321682096;162.080370784;162.149332523;162.997156262;163.869319439;163.678660512;161.958673596;164.631955147;162.4373492;162.0479182;161.861315846;162.421122909;162.0479182;164.104600668;162.165558815;162.879515648;162.388670325;164.429126501;163.256776929;162.453575492;163.390643835;161.89376843;
290;163.625925064;162.400840044;163.646207929;162.246690273;163.492058158;162.250746846;161.772071242;162.299425721;162.761875033;161.739618659;161.772071242;161.89376843;164.019412637;162.335934877;163.220267773;163.102627158;162.640177846;163.086400867;161.638204336;162.713196158;162.660460711;162.745648742;162.559046388;161.841032982;162.299425721;163.167532325;162.542820096;162.623951554;162.457632065;162.250746846;163.934224606;161.772071242;162.591498971;163.897715449;162.644234419;161.638204336;162.165558815;162.672630429;162.14527595;163.816583991;162.230463982;161.926221013;162.181785107;163.865262866;164.05186522;164.307429314;161.617921472;162.810553908;163.285172939;162.554989815;161.585468888;163.236494064;162.400840044;165.009216428;161.159528732;164.34393847;163.220267773;161.808580399;163.73139596;162.761875033;163.492058158;163.423096418;161.772071242;162.745648742;162.181785107;161.889711857;161.89376843;162.064144492;161.654430628;165.057895303;163.358191252;163.114796877;163.013382554;163.155362606;176.030925035;162.587442398;161.909994721;162.28319943;161.739618659;162.50631094;162.948477387;163.613755345;162.335934877;162.692913294;164.818557501;163.256776929;163.066118002;162.230463982;163.252720356;161.739618659;163.427152991;163.252720356;162.234520555;162.266973138;163.151306033;163.577246189;163.577246189;163.236494064;161.106793284;161.926221013;
295;163.715169668;162.031691909;164.668464303;165.025442719;164.157336116;162.417066336;163.865262866;162.486028075;163.869319439;163.66243422;164.924028397;162.984986544;162.879515648;162.388670325;163.917998314;162.453575492;162.948477387;162.064144492;161.995182753;162.133106232;164.295259595;163.901772022;163.033665419;162.591498971;162.676687002;162.916024804;162.554989815;162.165558815;163.013382554;162.133106232;164.019412637;163.934224606;162.932251096;162.133106232;164.307429314;162.129049659;163.901772022;163.917998314;163.268946648;163.289229512;162.0479182;163.43932271;162.011409044;162.607725263;162.453575492;163.427152991;163.325738668;163.780074835;163.849036574;163.747622252;164.327712178;162.080370784;164.510257959;164.765822053;161.974899888;166.181566;162.181785107;163.780074835;162.863289356;162.72942245;162.964703679;162.640177846;162.916024804;161.995182753;162.932251096;162.948477387;161.841032982;164.238467574;161.995182753;162.421122909;164.153279543;164.56704998;162.368387461;161.841032982;164.360164762;161.808580399;162.246690273;162.725365877;161.942447305;164.072148085;163.901772022;161.467828274;163.135079741;164.360164762;162.181785107;161.674713492;163.577246189;163.04989171;161.739618659;163.43932271;161.978956461;161.686883211;162.149332523;162.198011398;161.638204336;162.522537231;162.234520555;163.033665419;162.080370784;161.873485565;
300;161.585468888;162.522537231;161.995182753;164.173562407;161.772071242;162.096597075;163.029608846;162.060087919;163.033665419;163.305455804;164.12082696;162.149332523;162.303482294;163.001212835;162.031691909;162.980929971;162.4373492;162.165558815;163.849036574;162.027635336;162.932251096;163.849036574;163.901772022;162.656404138;161.686883211;163.374417543;161.707166076;163.04989171;162.299425721;162.997156262;162.14527595;163.04989171;163.869319439;162.250746846;162.50631094;163.374417543;162.473858356;163.252720356;161.739618659;161.776127815;161.703109503;161.755844951;162.181785107;161.670656919;162.676687002;162.250746846;161.926221013;161.82480669;158.900017619;162.644234419;161.82480669;163.950450897;163.609698772;162.303482294;161.942447305;163.593472481;162.28319943;162.335934877;162.538763523;164.104600668;162.810553908;162.571216106;162.149332523;162.8267802;162.486028075;162.490084648;162.368387461;163.747622252;163.374417543;163.747622252;162.421122909;162.064144492;162.810553908;164.189788699;163.34196496;162.4373492;162.0479182;163.475831866;163.289229512;163.135079741;163.11885345;164.700916886;162.015465617;162.502254367;164.749595761;163.832810283;162.112823367;162.011409044;163.475831866;161.877542138;162.112823367;162.810553908;162.0479182;162.761875033;164.206014991;164.242524147;163.43932271;162.879515648;163.252720356;162.591498971;
305;164.141109824;164.631955147;162.502254367;164.871292949;162.064144492;164.700916886;164.546767116;162.404896617;163.747622252;164.27497673;163.183758616;162.964703679;164.189788699;164.477805376;163.694886804;162.335934877;162.587442398;162.230463982;162.899798512;163.167532325;164.05186522;162.741592169;164.615728855;162.761875033;162.372444034;161.926221013;162.847063065;162.202067971;163.629981637;163.220267773;162.709139585;162.72942245;163.013382554;162.591498971;162.319708586;162.299425721;162.198011398;162.234520555;162.672630429;162.640177846;164.376391053;161.995182753;161.772071242;164.494031668;162.575272679;162.899798512;162.72942245;163.832810283;162.591498971;161.60169518;163.135079741;162.660460711;162.234520555;163.427152991;162.559046388;164.323655605;162.080370784;163.780074835;162.129049659;162.980929971;162.522537231;163.289229512;162.064144492;164.737426043;161.776127815;161.553016305;161.739618659;161.553016305;163.678660512;162.542820096;164.141109824;164.222241282;161.488111138;162.964703679;163.849036574;162.932251096;162.794327617;159.001431942;161.926221013;162.096597075;162.4373492;163.747622252;162.352161169;162.814610481;162.964703679;162.538763523;164.648181438;161.553016305;163.423096418;162.165558815;162.469801784;162.027635336;162.080370784;162.538763523;161.654430628;163.767905116;162.879515648;161.995182753;163.43932271;163.763848543;
310;162.660460711;161.808580399;161.654430628;164.339881897;162.11687994;161.89376843;163.033665419;163.135079741;163.540737033;161.755844951;162.607725263;162.064144492;162.660460711;161.82480669;164.530540824;164.802331209;164.445352793;162.676687002;162.692913294;162.656404138;162.352161169;161.739618659;162.181785107;164.579219699;162.709139585;162.250746846;162.75781846;164.141109824;162.863289356;162.692913294;163.629981637;162.607725263;162.4373492;162.50631094;163.711113095;162.486028075;164.068091512;163.135079741;162.372444034;163.625925064;163.459605575;163.033665419;164.786104918;163.268946648;162.932251096;162.473858356;162.879515648;164.088374376;162.315652013;164.307429314;163.268946648;162.964703679;162.879515648;162.538763523;163.747622252;162.587442398;164.222241282;163.747622252;162.384613752;162.486028075;163.098570585;163.082344294;162.11687994;164.530540824;163.04989171;162.607725263;161.942447305;162.384613752;163.455549002;164.068091512;162.660460711;164.189788699;164.599502563;162.761875033;162.335934877;163.220267773;161.877542138;165.224214792;163.187815189;161.82480669;162.863289356;164.579219699;164.039695501;163.187815189;162.202067971;162.660460711;162.810553908;164.019412637;161.877542138;162.303482294;163.609698772;163.098570585;163.11885345;163.187815189;161.772071242;163.492058158;161.739618659;161.723392367;164.072148085;162.133106232;
315;162.676687002;161.654430628;163.561019897;163.897715449;161.723392367;162.50631094;162.165558815;161.670656919;161.634147763;163.423096418;163.273003221;162.575272679;162.421122909;163.715169668;162.015465617;162.50631094;163.816583991;161.553016305;164.141109824;161.686883211;162.559046388;162.575272679;162.469801784;163.390643835;162.064144492;162.080370784;162.490084648;162.964703679;162.384613752;164.226297855;162.538763523;161.995182753;163.540737033;164.238467574;161.978956461;164.003186345;163.816583991;161.638204336;162.591498971;162.932251096;163.171588898;161.739618659;162.043861628;162.794327617;163.780074835;162.672630429;163.11885345;163.524510741;163.11885345;165.329685688;162.847063065;162.863289356;162.8267802;162.709139585;163.475831866;162.4373492;164.307429314;161.585468888;162.964703679;163.986960053;161.995182753;161.719335794;163.204041481;162.672630429;161.89376843;162.502254367;162.656404138;162.761875033;164.822614074;162.575272679;163.220267773;163.135079741;162.623951554;162.741592169;162.250746846;163.37036097;163.917998314;161.909994721;162.28319943;161.638204336;162.72942245;162.303482294;164.141109824;162.352161169;162.368387461;163.11885345;162.814610481;164.137053251;164.12082696;162.027635336;162.490084648;162.352161169;163.800357699;162.335934877;162.4373492;161.995182753;163.613755345;163.629981637;163.285172939;163.475831866;
320;163.337908387;163.289229512;159.800576806;162.315652013;163.427152991;164.173562407;163.423096418;162.89574194;163.033665419;164.327712178;163.711113095;162.863289356;163.917998314;162.810553908;163.354134679;164.753652334;163.358191252;162.4373492;163.354134679;162.064144492;164.546767116;164.055921793;163.220267773;162.299425721;163.885545731;162.916024804;162.388670325;162.50631094;162.28319943;163.337908387;164.903745532;161.909994721;164.376391053;162.692913294;164.494031668;163.390643835;161.861315846;161.82480669;164.035638928;162.814610481;162.234520555;163.646207929;162.672630429;162.571216106;161.946503878;162.725365877;164.068091512;163.151306033;163.086400867;161.877542138;162.692913294;163.901772022;162.400840044;162.21423769;162.899798512;162.640177846;162.266973138;161.82480669;164.003186345;162.230463982;163.374417543;161.857259274;162.899798512;163.950450897;162.486028075;161.942447305;162.303482294;163.220267773;161.877542138;163.459605575;162.948477387;163.443379283;162.234520555;164.189788699;161.654430628;161.974899888;161.942447305;161.759901524;164.412900209;162.948477387;163.066118002;161.958673596;162.096597075;161.792354107;162.587442398;163.374417543;162.591498971;164.73336947;163.50828445;162.096597075;164.27497673;162.11687994;163.386587262;163.082344294;162.250746846;161.703109503;162.149332523;163.95450747;162.080370784;162.299425721;
325;163.017439127;163.204041481;163.43932271;162.948477387;164.429126501;162.964703679;162.266973138;162.761875033;161.638204336;163.512341022;162.14527595;161.877542138;164.055921793;162.607725263;164.019412637;163.11885345;162.421122909;162.542820096;164.137053251;164.425069928;163.609698772;162.778101325;162.672630429;161.772071242;164.157336116;163.305455804;163.934224606;164.157336116;162.761875033;163.832810283;162.863289356;162.559046388;164.157336116;162.75781846;162.847063065;163.711113095;162.863289356;164.579219699;161.909994721;163.763848543;163.82875371;162.319708586;162.859232783;162.453575492;162.11687994;162.879515648;161.958673596;162.149332523;162.027635336;162.810553908;163.73139596;162.043861628;162.50631094;162.14527595;161.792354107;162.133106232;163.747622252;162.404896617;162.202067971;164.615728855;164.631955147;162.388670325;164.562993407;161.995182753;163.374417543;164.461579084;162.741592169;162.011409044;164.769878626;162.8267802;162.027635336;162.368387461;163.406870127;163.577246189;164.477805376;163.832810283;164.818557501;161.873485565;164.822614074;162.89574194;164.696860313;161.978956461;162.8267802;163.784131408;163.358191252;162.372444034;163.220267773;162.571216106;164.408843637;163.066118002;163.698943377;162.814610481;164.66440773;162.932251096;164.611672282;162.384613752;163.204041481;164.104600668;162.794327617;162.911968231;
330;162.964703679;164.652238011;162.064144492;162.368387461;163.285172939;164.972707272;162.774044752;162.72942245;163.642151356;164.562993407;162.352161169;162.75781846;162.287256002;163.625925064;161.776127815;162.814610481;161.877542138;162.713196158;162.713196158;163.577246189;162.794327617;161.857259274;163.934224606;163.04989171;164.360164762;162.315652013;161.670656919;162.928194523;162.384613752;161.569242597;164.02346921;161.958673596;162.218294263;163.354134679;162.149332523;161.909994721;163.540737033;163.982903481;162.640177846;163.832810283;162.368387461;163.256776929;163.950450897;162.21423769;163.033665419;162.794327617;163.885545731;161.350187659;163.325738668;162.571216106;163.982903481;163.187815189;163.220267773;164.988933563;164.291203022;162.660460711;162.319708586;163.885545731;162.571216106;163.358191252;162.830836773;162.319708586;161.82480669;162.863289356;162.879515648;162.607725263;163.155362606;162.709139585;162.810553908;162.761875033;163.613755345;165.175535917;163.11885345;163.390643835;161.808580399;161.808580399;165.126857042;164.855066657;161.909994721;161.978956461;162.522537231;163.135079741;162.847063065;163.4109267;163.423096418;164.855066657;164.668464303;162.559046388;163.796301126;162.810553908;162.043861628;162.0479182;162.863289356;164.562993407;164.141109824;162.453575492;161.974899888;164.27497673;162.879515648;163.849036574;
335;162.607725263;164.222241282;164.27497673;162.027635336;164.34393847;162.538763523;162.457632065;163.098570585;163.881489158;162.607725263;163.017439127;163.066118002;164.254693866;162.100653648;162.640177846;164.429126501;163.033665419;163.04989171;162.607725263;163.471775293;163.986960053;163.747622252;162.522537231;162.100653648;164.226297855;163.544793606;163.540737033;163.796301126;162.149332523;162.741592169;162.129049659;163.220267773;163.475831866;164.003186345;162.911968231;160.242743254;161.978956461;163.492058158;162.149332523;165.175535917;163.796301126;165.090347886;